country,year,"No of cell phone / Population"
Eswatini,1988,"1200 / 1.80M = 0.000667"
UAE,1982,"2330 / 1.17M = 0.001991"
USA,1983,"1330 / 1.50M = 0.000887"
Colombia,1984,"1329 / 15.00M = 0.000089"
Iceland,1985,"1420 / 1.32M = 0.001076"
Lesotho,1986,"1450 / 1.30M = 0.001115"
"New Caledonia",1987,"1400 / 1.40M = 0.001000"
Eswatini,1988,"1200 / 1.80M = 0.000667"
